{
	 "numVerts" : 24,
	 "numIndices" : 36,
	 "vertices" : [
	-1.000000, -1.000000, 1.000000, 0.000000, 0.000000, 1.000000, 0.000000, 1.000000, 0.948683, 0.948683, 0.000000, 3435973888.000000,
	1.000000, -1.000000, 1.000000, 0.000000, 0.000000, 1.000000, 1.000000, 1.000000, 0.832050, 0.832050, 0.000000, 3435973888.000000,
	1.000000, 1.000000, 1.000000, 0.000000, 0.000000, 1.000000, 1.000000, 0.000000, 0.948683, 0.948683, 0.000000, 3435973888.000000,
	-1.000000, 1.000000, 1.000000, 0.000000, 0.000000, 1.000000, 0.000000, 0.000000, 0.832050, 0.832050, 0.000000, 3435973888.000000,
	1.000000, -1.000000, 1.000000, 1.000000, -0.000000, 0.000000, 0.000000, 1.000000, 0.832050, 0.832050, 0.000000, 3435973888.000000,
	1.000000, -1.000000, -1.000000, 1.000000, 0.000000, 0.000000, 1.000000, 1.000000, -0.707107, -0.707107, 0.000000, 3435973888.000000,
	1.000000, 1.000000, -1.000000, 1.000000, -0.000000, 0.000000, 1.000000, 0.000000, 0.447214, 0.447214, 0.000000, 3435973888.000000,
	1.000000, 1.000000, 1.000000, 1.000000, -0.000000, 0.000000, 0.000000, 0.000000, 0.948683, 0.948683, 0.000000, 3435973888.000000,
	1.000000, -1.000000, -1.000000, 0.000000, 0.000000, -1.000000, 0.000000, 1.000000, -0.707107, -0.707107, 0.000000, 3435973888.000000,
	-1.000000, -1.000000, -1.000000, 0.000000, 0.000000, -1.000000, 1.000000, 1.000000, 0.447214, 0.447214, 0.000000, 3435973888.000000,
	-1.000000, 1.000000, -1.000000, 0.000000, 0.000000, -1.000000, 1.000000, 0.000000, -0.707107, -0.707107, 0.000000, 3435973888.000000,
	1.000000, 1.000000, -1.000000, 0.000000, 0.000000, -1.000000, 0.000000, 0.000000, 0.447214, 0.447214, 0.000000, 3435973888.000000,
	-1.000000, -1.000000, -1.000000, -1.000000, 0.000000, 0.000000, 0.000000, 1.000000, 0.447214, 0.447214, 0.000000, 3435973888.000000,
	-1.000000, -1.000000, 1.000000, -1.000000, 0.000000, 0.000000, 1.000000, 1.000000, 0.948683, 0.948683, 0.000000, 3435973888.000000,
	-1.000000, 1.000000, 1.000000, -1.000000, 0.000000, 0.000000, 1.000000, 0.000000, 0.832050, 0.832050, 0.000000, 3435973888.000000,
	-1.000000, 1.000000, -1.000000, -1.000000, 0.000000, 0.000000, 0.000000, 0.000000, -0.707107, -0.707107, 0.000000, 3435973888.000000,
	-1.000000, 1.000000, 1.000000, 0.000000, 1.000000, 0.000000, 0.000000, 1.000000, 0.832050, 0.832050, 0.000000, 3435973888.000000,
	1.000000, 1.000000, 1.000000, -0.000000, 1.000000, 0.000000, 1.000000, 1.000000, 0.948683, 0.948683, 0.000000, 3435973888.000000,
	1.000000, 1.000000, -1.000000, 0.000000, 1.000000, 0.000000, 1.000000, 0.000000, 0.447214, 0.447214, 0.000000, 3435973888.000000,
	-1.000000, 1.000000, -1.000000, 0.000000, 1.000000, 0.000000, 0.000000, 0.000000, -0.707107, -0.707107, 0.000000, 3435973888.000000,
	-1.000000, -1.000000, -1.000000, 0.000000, -1.000000, 0.000000, 0.000000, 1.000000, 0.447214, 0.447214, 0.000000, 3435973888.000000,
	1.000000, -1.000000, -1.000000, 0.000000, -1.000000, 0.000000, 1.000000, 1.000000, -0.707107, -0.707107, 0.000000, 3435973888.000000,
	1.000000, -1.000000, 1.000000, 0.000000, -1.000000, 0.000000, 1.000000, 0.000000, 0.832050, 0.832050, 0.000000, 3435973888.000000,
	-1.000000, -1.000000, 1.000000, 0.000000, -1.000000, 0.000000, 0.000000, 0.000000, 0.948683, 0.948683, 0.000000, 3435973888.000000
	],
	 "indices" : [
	0, 1, 2,
	0, 2, 3,
	4, 5, 6,
	4, 6, 7,
	8, 9, 10,
	8, 10, 11,
	12, 13, 14,
	12, 14, 15,
	16, 17, 18,
	16, 18, 19,
	20, 21, 22,
	20, 22, 23
	]
}