{
	 "numVerts" : 4,
	 "numIndices" : 6,
	 "vertices" : [
	-5.000000, 0.000000, 5.000000, 0.000000, 1.000000, 0.000000, 0.000000, 1.000000, 1.000000, 0.000000, 0.000000, 3435973888.000000,
	5.000000, 0.000000, 5.000000, 0.000000, 1.000000, 0.000000, 1.000000, 1.000000, 1.000000, 0.000000, 0.000000, 3435973888.000000,
	5.000000, 0.000000, -5.000000, 0.000000, 1.000000, 0.000000, 1.000000, 0.000000, 1.000000, 0.000000, 0.000000, 3435973888.000000,
	-5.000000, 0.000000, -5.000000, 0.000000, 1.000000, 0.000000, 0.000000, 0.000000, 1.000000, 0.000000, 0.000000, 3435973888.000000
	],
	 "indices" : [
	0, 1, 2,
	0, 2, 3
	]
}